url,name,developer,rating,about
https://play.google.com/store/apps/details?id=br.com.ccmarket,CC Market,"{'url': '/store/apps/developer?id=Clickweb', 'name': 'Clickweb'}",,"A complete marketplace that connects industries and distributors directly to companies!The CC Market application is available for large companies, offering greater ease and variety when it comes to finding the right product and distributor for their needs.The registration is done through the application, by individuals or companies who want to buy directly from industries or distributors to bring more savings and agility to their business with CC Market.From another perspective, for industries and distributors, the platform brings a modern and intuitive panel for the administration and registration of products, enabling direct integration with the stock system and counting on a qualified process behind the tool, which guarantees businesses more efficiency. In other words, we do all the planning and logistics for the regions and delivery methods, leaving only the seller responsible for registering the products and administering the app.Download the app and have a B2B buying or selling channel at your disposal."
https://play.google.com/store/apps/details?id=com.farumstationpizzadk.customer,Farum Stations Pizza,"{'url': '/store/apps/developer?id=eatOnline', 'name': 'eatOnline'}",,"Med Farum Stations Pizza app p√• telefonen, har du madbestilling lige ved h√•nden.Bestil pizza, burger, pasta, m.m. med f√• tryk, nemt og hurtigt!Du kan betale kontant (ved levering), med alle betalingskort eller Viabill.Du kan bruge din eksisterende Farum Stations Pizza / EatOnline brugerprofil, eller som ny kunde oprette dig i appen."
https://play.google.com/store/apps/details?id=com.baacode.aomsin,‡∏ï‡∏£‡∏ß‡∏à‡∏™‡∏•‡∏≤‡∏Å,"{'url': '/store/apps/dev?id=6199170490182213425', 'name': 'Baacode'}",,"Check Lottery is an application that has been developed for checking lottery tickets by the app itself will be able to check various lotteries within one app without having to waste a lot of time entering the appYou can also check the lottery for your children. Or parents, siblings easily by adding a lottery and it is easy to use.highlight- can check many lotteries in one app- Have staff to solve problems quickly- There is continuous development of applications.noteThis app is not affiliated with any bank. Was developed to check lottery tickets only"
https://play.google.com/store/apps/details?id=app.workguard.personal,Moniti Personal for businesses,"{'url': '/store/apps/dev?id=5366790956729714882', 'name': 'Moniti | Manage deskless teams anew'}",,"Moniti Personal: The ultimate app for managing deskless teams. You always know what happens in your company in real time.Say hello to the future of business management with Moniti. Replace paper paper-based processes with fully automated, easily accessible methods available to any employee, from anywhere, at any time, at their fingertips.The app features:- Time tracking - Digital attendance list for each employee- GPS live tracking - Track employee locations in real- time- Task management - Assign tasks directly to your employees mobiles- Time off - Allow employees to submit leave requests via app- Scheduling - Easily plan and share work schedulesMoniti Personal is an easy-to-use and affordable solution for your business. It perfectly links managers with deskless employees.Revolutionize management with Moniti Personal!Effectively organize work:- No need to call your employees to find out if they have arrived and completed their assigned tasks.- Quickly and easily schedule shifts and dispatch jobs with the only scheduling app.Streamline HR processes through digitalization:- Forget the struggle with paper timesheets and manually rewriting them to a computer.- Track and manage employee work hours on jobs, projects, customers or anything else you need.- Eliminate buddy punching and inaccuracies during work and break times.Using Moniti Personal is as easy as setting up an alarm clock.A few quick taps and you're ready to work. Simple and user friendly, that's how we've design it.Have any questions? Want to schedule a demo?Contact us at hello@moniti.app and we'll be happy to help!"
https://play.google.com/store/apps/details?id=all.language.translator.hub.frisiantorussiantranslator,Frisian To Russian Translator,"{'url': '/store/apps/developer?id=Bhatiya+Trans+Technology', 'name': 'Bhatiya Trans Technology'}",,"* Type your text & get Frisian to Russian translation instantly. Communicate smoothly and use a translator to instantly translate words, phrases or documents.This translator can quickly translate from Russian to Frisian and Frisian to Russian words as well as complete sentences.* Frisian To Russian Text Translator :-                                      Frisian to Russian Translator to translate text translate,word translate,paragraph translate and also full Sentences translate.this application also used for Frisian to Russian translator and Russian to Frisian translate also for word,text and full sentences.* Frisian to Russian Image & Camera Translator By OCR Language Learaning :-                                    Frisian to Russian translator is convert an image to text. and also convert image to text from directly taken by camera. this translator used world highest speed reading from Image to Text. OCR Frisian And Russian Text Scanner features to recognize the characters from an image with high (99%) accuracy. It turns your mobile phone to a text scanner and translator.convert your text from various Image formate like png, jpg, jpeg.* Text to Speech Translation - Speak to Text For Frisian Or Russian									                                   Frisian to Russian translator allows users to speak and translate voice to text (voice typing). Then the automatic voice translator will quickly and accurately recognize the voice input by the user, translate directly into the language you set, and read the translation result aloud through the text-to-voice feature. This Feature to translate text from your voice like Russian or Frisian also.also translate Frisian To Russian And Russian To Frisian through your voice.This Application Also given answer by Speak to Text Feature.Simply enter your desired text, and let Frisian Or Russian words speak it aloud for you.You Can hear the proper pronunciation of Frisian words And Russian words.it's helps to improve your Spoken Frisian And Russian Both.Now you can sound like a native speaker too. Improve your vocabulary now!."
https://play.google.com/store/apps/details?id=com.carbonatom.submission,The Mind Crime: Murder Mystery,"{'url': '/store/apps/developer?id=Carbon+Atom+Studio', 'name': 'Carbon Atom Studio'}",,"Experience a fully interactive murder mystery adventure! It's a fully interactive crime game with amazing Hidden Object gameplay features. Put your detective skills to the test by hunting for clues, gathering evidences, and figuring out who‚Äôs behind the horrific crime!  Game Features:Engaging Murder Mysteries: Immerse yourself in gripping stories and challenging murder cases. Each mystery offers a unique and compelling narrative.Find Hidden Differences: Enhance your observation skills by spotting differences in beautifully detailed scenes. Each clue is crucial to solving the crime.Be the Detective: Analyze evidence, question suspects, and piece together the truth. Your detective skills are key to uncovering the murderer.Interactive Crime Scenes: Explore interactive crime scenes filled with hidden objects. Your keen eye and attention to detail are essential to cracking each case.Variety of Criminal Cases: Solve a wide range of criminal cases, from simple thefts to complex murders. Each case presents a new challenge.Immersive Gameplay: Enjoy the classic find differences gameplay with an exciting twist. Each difference you spot brings you closer to solving the mystery.Puzzle Elements: Engage your brain with challenging puzzles and uncover hidden secrets. Every puzzle piece you solve takes you closer to justice.Search, find, and unravel every secret in a journey across a murder mystery hidden object adventure like no other! Don‚Äôt let the murderer escape!"
https://play.google.com/store/apps/details?id=co.xxxtech.cooper.app,Push 4!,"{'url': '/store/apps/dev?id=6561547660880182522', 'name': 'XXX Tech Limited'}",,"In Push 4!, player can only place the piece at the bottom row and push other piece in the same column to the upper position. You can push away opponent‚Äôs piece out from the board to gain some advantage or creating a trap in an unpredictable way. To win the game, just go with the traditional way, connect 4 in a line!"
https://play.google.com/store/apps/details?id=com.egyptrates.egyptrates,Egyptrates ÿ≥ÿπÿ± ÿßŸÑÿØŸàŸÑÿßÿ± ŸàÿßŸÑÿπŸÖŸÑÿß,"{'url': '/store/apps/developer?id=Deploy2Cloud', 'name': 'Deploy2Cloud'}",,"We have received a number of reports that the program has stopped sometimes in Egypt, and after searching we found the reason is a problem on the part of the telecommunications companies regarding our domain https://egyptrates.comSo, please, if you are facing a problem, contact your carrier to solve it, and as a temporary solution to use the program or website download any VPN program-------------------------------------------------- -------------------------------------------------- ------After the decision to float the pound in Egyptian banks and the continuous movement of currencies up and down.And out of the need for an application and website to view currency rates in all Egyptian banks, moment by moment.We have created https://egyptrates.com and the EgyptRates app to make it easier to know the prices of all currencies and gold prices.EgyptRates app provides instant dollar rates, as well as euro rates and all currencies approved in Egyptian banks.The application contains more than 20+ banks and is constantly updated as it contains all the currencies circulating in Egypt.The price of the dollar in EgyptThe price of the dollar in Egyptian banksPrices of the US dollarSaudi riyal pricesKuwaiti dinar pricesPrices of the Bahraini dinarPrices of the UAE dirhamBritish pound ratesgold pricesPrices of all currencies in Egyptian banks."
https://play.google.com/store/apps/details?id=com.hindtechnovel.sudoku,Sudoku- The Magic of Numbers,"{'url': '/store/apps/dev?id=4744956360058543314', 'name': 'Hind Technovel'}",,"Welcome to the world of Sudoku, where numbers hold the key to unraveling a challenging puzzle! Hind Technovel presents Sudoku - The Magic of Number, a game that will keep you hooked for hours on end.With simple rules and intricate gameplay, Sudoku - The Magic of Number is a perfect game for puzzle enthusiasts of all ages. Sharpen your logical reasoning and problem-solving skills as you navigate through the game's levels, each one more challenging than the last.But ""Sudoku - The Magic of Number"" isn't just about solving puzzles. It's also about immersing yourself in a world of numbers and patterns, where every move you make could mean the difference between success and failure.With its sleek design and intuitive interface, Sudoku - The Magic of Number is sure to be a hit with gamers of all levels. So what are you waiting for? Download the game now from the Google Play Store and experience the magic of numbers for yourself!For more exciting games and innovative tech solutions, visit our website at www.hindtechnovel.com."
https://play.google.com/store/apps/details?id=com.myconnectzone.triberapp,Space Connects,"{'url': '/store/apps/dev?id=8333498704223458816', 'name': 'Zappter AG'}",,"Online market place that connects commercial space owners to business owners and start ups looking to rent on a short term basis. Unlike 6, 12 or 24 month leasing, short term rentals with Space Connect allow for owners to have the space utilized and for renters to have the opportunity for growth. This creates a unique opportunity for both. Download the free app to post your space or find a space in your area!"
https://play.google.com/store/apps/details?id=com.sennder.android.driver,sennder,"{'url': '/store/apps/developer?id=sennder+Technologies+GmbH', 'name': 'sennder Technologies GmbH'}",,"The sennder app provides tools for carriers to easily search for, bid on, and accept shipments, view load and stop details, and manage paperwork. For Dispatchers- sennder loadboard access- Load and stop details- Freight paperwork upload tool For Drivers - Load and stop details- Live GPS Tracking - Freight paperwork upload tool"
https://play.google.com/store/apps/details?id=com.devcmsapp.hengameh,ÿ¢ŸáŸÜ⁄Ø Ÿáÿß€å ŸáŸÜ⁄ØÿßŸÖŸá ÿ®ÿØŸàŸÜ ÿß€åŸÜÿ™ÿ±ŸÜÿ™,"{'url': '/store/apps/developer?id=DevCmsApp', 'name': 'DevCmsApp'}",,"1. It is used without internet and for free.2. Listen and repeat the song.3. With the search button, it is possible to switch between songs.4. Easy to use and simple application.Disclaimer: All content of the app is not an official app published by the singer, but this app is managed by DevCmsApp and developed as an Android developer that focuses on music and wallpapers."
https://play.google.com/store/apps/details?id=com.neotreks.battleapps.cedarcreek,Cedar Creek Battle App,"{'url': '/store/apps/developer?id=American+Battlefield+Trust', 'name': 'American Battlefield Trust'}",,"The Cedar Creek Battle App¬Æ is the perfect Civil War touring partner for your exploration of the Cedar Creek battlefield in the Shenandoah Valley of Virginia. Our GPS-enabled touring application will guide you to all the historic spots on this 1864 Civil War battlefield ‚Äì from the sites where the Confederate surprise attack rolled over the Union lines to the climactic counter-attack that led to a crushing Union victory.Click on our ""virtual signs"" to access a wealth of information related to the very spot where you are standing. Onboard historian videos, audio accounts of soldiers from the battle, photos, orders of battle, chronologies, key facts, and more are just a click away. Our detailed maps allow you to locate just where certain Union and Confederate units were during different phases of the battle. Never has so much valuable information been made available in such a portable device.The Cedar Creek Battle App is just one of our expanding lineup of Battle Apps that are ready to be downloaded today. To learn more about all of our Battle App offerings visit our website at: https://www.battlefields.org/battleapps."
https://play.google.com/store/apps/details?id=com.masjidtawhid.masjidtawhidleyton,Masjid Tawhid Leyton,"{'url': '/store/apps/developer?id=Gee+DevApps', 'name': 'Gee DevApps'}",,"Masjid Tawhid LEYTONUse this app to keep up-to-date with all things regarding the masjid. Daily salat times, news items, services and much much more ...The app features:- Daily salat times- Reminder notifications for all salat- List of services- Contact information and details about the masjid- Latest news items to keep you up to date- Links to social media platforms"
https://play.google.com/store/apps/details?id=com.voolenstudios.Bird.photo.editor,Bird photo editor frames,"{'url': '/store/apps/dev?id=8642289234963877042', 'name': 'Voolen Studios Pvt Ltd'}",,"Bird photo editor frames is a photo editor app that provides different beautiful bird backgrounds for your photo. This application is very easy to use. Using this app you can create a photo more stylish with some creative bird frames, text, and stickers. We provide you with the easiest way to add the elegance of effects, filters, and overlays to your images.Features:Now you can avail the option such as camera, gallery to select the image to be edited by clicking at that instant or one can import it from the gallery.Crop tool makes your image perfect by selecting the desired portion in the imported image.Cut is used to select a certain area of the image with a hand-free draw moment.Erase option is used to erase unwanted areas and you can also undo and redo the process of what you have done before.Different types of bird stickers to place on your edit image to make feel of realistic look.Then you can avail any of our options such as backgrounds or frames.Backgrounds can be used to make your edits perfect.Frames are for instant use, when you tap for frames the image will automatically be placed on the white space provided on the frames.You can now make the edit look realistic without adjusting the tool that helps you to adjust background blur, photo opacity and also sticker opacity.You can avail wide range of fonts provided in our app to add words to your edits.You can even add any color as your background with our best color picker which helps you to add any shade of the color of your choice.Then you can even go for our duplicate option to add your image some visual attraction.Finally, you can add our unique effects, filters, and overlays instantly.Now you can share and save your stunning edits just with a click."
https://play.google.com/store/apps/details?id=com.rosarioinsieme.vangelocristiano,Gospel of the day - Holy Bible,"{'url': '/store/apps/developer?id=Rosario+Insieme', 'name': 'Rosario Insieme'}",,"In the hustle and bustle of every day, unfortunately, we forget that we always live in the Grace of our Lord, his words should accompany us every single moment of our lives.We developed this simple app to bring always with us the Sacred Scriptures of the day.Open it just once a day to have the Gospel reading. There is also speech in order to listen to the Holy Word.Also, there are two other sections, Saints of the day and Holy Celebrations, to remind us every day of all veneration and festivals that we must sanctify.For any feedback, write us to rosarioinsieme.app@gmail.com"
https://play.google.com/store/apps/details?id=com.adinstore.android,AdsInStore,"{'url': '/store/apps/dev?id=6151793673514114070', 'name': 'adsinstore'}",,"Adsinstore enables Brands to connect with Shoppers in real-time inside retail stores. The idea is to allow brand advertisers to invest on ads on screens in stores and get into the awareness and consideration set of shoppers. Advertisers find validation and evaluate ROI by using and PoS data from stores. Retailers get a share of the ad revenue which becomes a net NEW revenue stream for them. This app allows the screens be to be on boarded onto the adsinstore network of retail stores, calls the ad server to serve ads"
https://play.google.com/store/apps/details?id=com.beiz.lolaispylite,I Spy with Lola,"{'url': '/store/apps/dev?id=5908265825979855284', 'name': 'BeiZ'}",4.7,"I Spy with Lola is a Word Puzzle game where the player's task is to find objects on the screen, based on hints that vary between the levels. This game also lets the player get familiar with the World Map and some details of local cultures around the World.Join Lola Panda as she travels around the world in her first I Spy adventure app! Visit Lola‚Äôs friends in different countries to help her find hundreds of hidden objects along the way. I Spy With Lola, the 6th Lola Panda app, will provide an educational challenge for kids of all ages!‚òÖ‚òÖ‚òÖ‚òÖ‚òÖ Editor‚Äôs Choice Award  -  Children's Technology Review‚òÖ‚òÖ‚òÖ‚òÖ‚òÖ Best Apps award finalist  - Best App Ever AwardsStart your journey in Hawaii, collecting souvenirs and coins from each completed task and use those to unlock additional exotic locations. At the easy level young children can practice object identification and word association. As they advance, challenge them to find objects associated with letters helping to unlock new locations. Find a fan in Japan, or a lantern in Yellowstone. Maybe even a lizard in Egypt! Each locale is beautifully animated with ample visual and spoken instruction and a unique catchy soundtrack.WHAT DO THE PROFESSIONALS SAY ABOUT THE GAME? ‚òÖ Famigo - ""What a great app! The interface and narration are engaging and easy to use. The feedback during the game and after completing each location is very satisfying and entertaining."" ‚òÖ Apps4Kids ‚Äì 5/5 stars. ""The different scenarios provided us with lots of opportunities for conversation and vocabulary-building. ‚Äú‚òÖ The iPhone Mom - ""I highly recommend this app to parents of younger children and will definitely be playing this app with my son!"" ‚òÖ Top Best Apps for Kids ‚Äì ‚ÄúGorgeous graphics and suitable audio music for each country. New & free places have been announced. No In-app purchases! Fantastic. Kids can learn while exploring the world and it‚Äôs objects.""KEY FEATURES‚úì Find dozens of hidden objects from around the world‚úì High-quality graphics and animation‚úì Spoken and easy to understand instructions‚úì No in-app purchases - Unlock new locations as achievements are met!‚úì Available in six languagesGet the full version of I Spy and begin solving more challenging tasks. The full version includes medium and hard levels for older children. It also has more places to travel, letters to learn and riddles to solve.***Check out also other popular educational kids Lola Panda games and apps from BeiZ:LOLA‚ÄôS MATH TRAIN- Nine exciting mathematics games with Lola Panda (numbers, addition, subtraction)- High-quality graphics and fun animations- Easy-to-use game design- Available in languages: English, Danish, Dutch, Finnish, French, German, Korean, Norwegian, Russian, Swedish, SpanishLOLA‚ÄôS ALPHABET TRAIN - Five exciting alphabet games with Lola Panda- Alphabets available in five different languages- Upper and lower case letters- High-quality graphics and fun animations- Easy-to-use game designLOLA‚ÄôS BEACH PUZZLE- Dozens of shape puzzles in 3 difficulty levels- Colorful and lively high-quality graphics and animations- Easy-to-use child friendly design specifically for the youngest children- Voice guidance throughout the game (available in 10 languages.)LOLA‚ÄôS FRUIT SHOP SUDOKU- Simple Sudoku games with fruit and numbers- Friendly voice to guide kids through the game- Easy-to-use child-friendly game design that even the youngest can use- Opportunity to learn new languagesAll the best Lola Panda games and apps: www.lolapanda.com.https://lolapanda.com/privacy-policy/"
https://play.google.com/store/apps/details?id=com.acoustiguidemobile.am_clinton,Clinton Presidential Center,"{'url': '/store/apps/developer?id=Acoustiguide+Inc.', 'name': 'Acoustiguide Inc.'}",,"The Clinton Presidential Center's mobile app offers a unique, multimedia-filled perspective of the work ‚Äì past, present, and future ‚Äì of the 42nd President of the United States, William Jefferson Clinton. Whether at home, in the classroom, or walking through the Clinton Center's diverse permanent exhibits, users can explore President Clinton's life and administration through high-resolution photos, insightful videos, and an audio tour narrated by President Clinton.The mobile app offers multiple tours, including the Clinton Presidential Center‚Äôs Permanent Exhibit Tour, the Clinton Presidential Center & Park Tour, and the Bill Clinton‚Äôs Arkansas Tour, as well as interactive quizzes Additionally, the app offers quick access to:‚Ä¢ General Information‚Ä¢ Admissions & Ticketing‚Ä¢ Contact & Social Media‚Ä¢ Clinton Museum Store‚Ä¢ Forty Two‚Ä¢ Clinton Center Membership‚Ä¢ Clinton Center Educational Programming"
https://play.google.com/store/apps/details?id=co.barney.wabeq,Socrates,"{'url': '/store/apps/developer?id=Education+Barney+Media', 'name': 'Education Barney Media'}",,"Right from understanding the topics to clearing the exam, we offer you a one-stop solution for all your learning needs. Now learn with us, uninterrupted from the safety of your home.With a simple user interface, design and exciting features, our app is the go-to solution for students across the country.Why study with us? Want to know what all you will get? ü§îüé¶  Interactive live classesLet‚Äôs recreate our physical experiences now through our state-of-the-art live classes interface where multiple students can study, together.- Periodical live classes to ensure you clear your exams- Raise your hand feature to solve individual queriesüìö Course material- Get access to course, notes, and other study material on-the-go- Regularly updated contentüìù Tests and performance reports- Get online tests and exams- Track your performance, test scores & rank from time to time.‚ùì Ask every doubt- Clearing doubts has never been easier. Ask your doubts by just clicking a screenshot/photo of the question and upload it. We‚Äôll ensure that all your doubts are clarified.- Clear your doubts on the go through our mobile appüèÜProven record of excellence:- We have been part of the market for a long time now and we have helped multiple candidates clear their exams.- Excellence has always been our motto, and the only thing that will never change is our motto.‚è∞  Reminders and notifications for batches and sessions- Get notifications about new courses, sessions and updates. No more worrying about missed classes, sessions, etc. because we only want you to focus on your studies.- Get announcements around exam dates/special classes/ special events etc.üìú Assignment submission- Practice makes a student perfect. Get regular online assignments so that you can become perfect.- Submit your assignments online and we will help you in evaluating your performanceüíª Anytime access- Watch our classes, live or recorded, anytime from any of your devices.ü§ù Parent-Teacher discussion- Parents can download the app and connect with teachers & track their ward‚Äôs performance- Parents can easily chat with the teacher in case of any queryüí∏ Payments and fees- Easy fees submission with 100% safe and secure payment optionsOnline fee payment option for easeüèÜ Compete within groups- Compete within groups and peers who are studying- Get to see your comparative score as compared to peer studentsü™ß Ads Free- No ads for seamless studying experienceüõ°Ô∏èSafe and secure- Safety of your data i.e. phone number, email address, etc. is of utmost importance- We never use student data for any kind of advertisementAn online platform for studying in the most efficient and transparent manner. Download now !!"
https://play.google.com/store/apps/details?id=com.M2M.HarshInvestments,Harsh Investments,"{'url': '/store/apps/developer?id=Money2Management', 'name': 'Money2Management'}",,PORTFOLIO DASHBOARDSTrack The Performance Of The Investments Made Through Your Financial Advisor. Consolidate Investments For Your Family.Your Portfolio's Growth With TimeShort Term And Long Term GainsDividend And Interest IncomeBreak-Up By Asset ClassBreak-Up By ProductMutual Fund Break-Up By AMCMutual Fund SIP And STPTRANSACTION APPROVALSApprove Or Reject Transactions Initiated By Your Financial AdvisorPUSH NOTIFICATIONSProduct Information And AdvisoryTransaction CompletionSip AlertsPRIVACY & SECURITYSecured By M-Pin And Biometric AuthenticationStrong Privacy Policy
https://play.google.com/store/apps/details?id=uz.anorbank.anor_represent,Anor Delivery,"{'url': '/store/apps/developer?id=AO+ANOR+BANK', 'name': 'AO ANOR BANK'}",,Delivery has never been so easy before
https://play.google.com/store/apps/details?id=com.labelio.labelio,LabelIO,"{'url': '/store/apps/developer?id=LABELIO', 'name': 'LABELIO'}",,"LABELiO is a complete solution for HACCP compliance and food safety management. This application simplifies the process by taking photos of delivery notes, product labels, and using an intelligent algorithm to extract crucial information such as designation, lot number, shelf life, allergens, etc.Then, LABELiO automatically organizes products by use-by date, allowing users to easily track and manage product traceability, whether to use them completely, put them on the shelf, partially open them or throw them away.All data collected is recorded on the sheet of each product, then archived securely for 5 years, thus guaranteeing complete and compliant documentation.In addition to this, LABELiO manages the traceability of products used for in-house production, supervises the entire cleaning plan and monitors critical parameters such as cold cabinet temperatures, pH of rice and frying oils.In summary, LABELiO simplifies HACCP compliance management by automating the collection, organization and retention of essential data, while providing comprehensive monitoring of food safety processes to ensure seamless compliance."
https://play.google.com/store/apps/details?id=com.otipass.cotedazur,Pass C√¥te D'Azur France,"{'url': '/store/apps/developer?id=Otipass', 'name': 'Otipass'}",,"With the COTE D‚ÄôAZUR FRANCE PASS, visit the French Riviera in complete freedom. From Menton to Saint-Rapha√´l via Monaco, from the Riviera coast to the peaks of the Mercantour, enjoy more than 100 free activities among the most famous of the C√¥te d'Azur: museums, tours, excursions, attractions, sports activities, water activities‚Ä¶Save money on your vacation budget by accumulating up to 30% savings!Choose your formula: Pack 3 activities or Pack 5 activitiesTreat yourself to the whole of the French Riviera with just one tourist pass!Depending on the pack purchased, you choose 3 or 5 activities among the 117 activities offered. This choice is not enforced at the time of purchase.You decide at any time to consume the activities that interest you. Introduce yourselfto the sites without paying anything more. Let's go ! Once the 3 or 5 activities have been consumed, the Pass is no longer valid.The validity of each formula is one month from the first activity consumed.Good to know‚Ä¢ The Pass is in digital format (e-ticket) for reading on a smartphone.‚Ä¢ The child rate applies for children from 4 years old and up to 12 years old.‚Ä¢ The Pass is not nominative. You can buy it and give it to someone. However, it is necessary to purchase one Pass per person.‚Ä¢ The Pass is only valid from April 1 to December 31, 2020.‚Ä¢ Entrances to the sites are only valid once.‚Ä¢ The Pass is neither exchangeable nor refundable in the event of loss or theft, total or partial non-use, deterioration or even due to closure or exceptional unavailabilityfrom a partner site.‚Ä¢ For certain activities, it is imperative to reserve your seats. Detailed information in the practical information tab of each activity on the site www.pass-cotedazurfrance.fr‚Ä¢ The Pass does not include transport."
https://play.google.com/store/apps/details?id=com.swidrinc.glitterwallpaper2023,Glitter Wallpaper 2023,"{'url': '/store/apps/developer?id=Swidr+inc', 'name': 'Swidr inc'}",,"Glitter Wallpapers Application offers a large variety of Glitter Wallpapers. Make your phone stand out amazingly with Glitter Wallpapers, and enjoy watching amusing and funny Glitter. Give a glitter look to your device with Glitter Wallpapers. Sparkle your device.Glitter Wallpapers is an application contains a large variety of adorable glitter wallpapers & backgrounds for mobile that can make your screen looks sparkly and brighty. If you are into glitter wallpapers this is the right application for you, it is easy to use and contains various types of glitter wallpapers.Some of our Creations include the Diamond Shining Glitter Live Wallpaper, the Sparkling Gold, the Rainbow Glitter or many Single Color Glittering Wallpapers like the Pink, Blue, Red etc. We created also a Premium Section with the most Beautifully crafted images, adapting this Glitter Live Wallpaper for Girls or Boys.Glitter wallpaper aesthetic is an application that provides you with large variety of adorable glitter pictures. This app is designed for wallpapers and for your home and lock screen that can make your phone screen looks lovely and beautiful.App Features:-‚ûΩ Simple & Easy to Use Interface.‚ûΩ Compatible with 99% of devices.‚ûΩ premium Quality Wallpapers.‚ûΩ Amazing collection of Glitter Wallpapers.‚ûΩ Set as Wallpaper to Home Screen & Lock Screen.‚ûΩ One-click to Save Wallpaper.‚ûΩ One-click to apply wallpapers.‚ûΩ One-click to Share wallpapers.‚ûΩ App is 100% Free to useYou will find many collections devided in the Categories Section, some of the Collections are; Cute Wallpaper, Glitter Sparkle Wallpaper, Dreamcatchers Wallpaper, Emoji wallpaper, Girly Wallpaper, Paris Wallpaper, Glitter Live Wallpaper, Unicorn Wallpaper, Sparkly wallpaper, Glitter Wallpapers, Pastel and Holographic wallpaper, Rosegold Wallpaper, Melanin wallpaper, Kawaii Wallpaper, Marble Wallpaper and many More.In the end, we will appreciate it if you let us know your opinion about our content in the comment section below, so if you faced any issue please let us know so we can fix it for you.Thank You !!"
https://play.google.com/store/apps/details?id=com.release.wappdvendor,Wapp D Store,"{'url': '/store/apps/developer?id=PHAROS+Softtech', 'name': 'PHAROS Softtech'}",,Application for Stores
https://play.google.com/store/apps/details?id=com.tarkarn.sptaiTH,Speak Translator (AI) Korean -,"{'url': '/store/apps/dev?id=7262136490961049052', 'name': 'Tarkarn'}",,"AI version of Speak Translator!Easy to use for free with a simple UI and screen.Minimum capacity of less than 5 MB!Let's save overseas travel download data!# Usage- Students studying foreign languages- Travelers traveling abroad- Users who want to check the simple dictionary meaning- Other users who need translation and interpretation# function- Speech recognition translation- Translation of words and phrases- Sentence and word translation using camera- Favorites- history# Supported languages: Korean, Thai"
https://play.google.com/store/apps/details?id=air.yadiweb.tofu,Tofu Catch,"{'url': '/store/apps/developer?id=Yadiweb', 'name': 'Yadiweb'}",,"This is not just a game which catch just a falling object.Catch a falling tofu softly so as not to break.First, yakitofus fall.When the level rises, tofus will also fall.And konnyakus and usuages will also fall.Since this game corresponds to net ranking, you can compete with rivals in the world."
https://play.google.com/store/apps/details?id=md.tech.com,MD teknoloji Express,"{'url': '/store/apps/developer?id=By_mEs', 'name': 'By_mEs'}",,"Turkey and worldwide image, sound, light / is a technology company that produces technology services such as LEDs. It is the mobile interface of a website where you can shop on the internet and improve itself more and more every day. For detailed information, we can get information from +90 212 34 777 34."
https://play.google.com/store/apps/details?id=com.ducife.answerme,Ducife Talk,"{'url': '/store/apps/developer?id=Kenyasasa', 'name': 'Kenyasasa'}",,Welcome to ducife community.Share your questions and discuss what matters most to you in our community
https://play.google.com/store/apps/details?id=com.imagencentral.famflix,Famflix,"{'url': '/store/apps/developer?id=CCC+M%C3%A9xico', 'name': 'CCC M√©xico'}",3.6,"FamFlix is ‚Äã‚Äãthe first online platform high value. You can enjoy hours of wholesome entertainment with your family in a safe place. All with a positive message. FamFlix, content that make you well."
https://play.google.com/store/apps/details?id=com.allenresources.testbank.psat_prep,PSAT Prep Review Questions,"{'url': '/store/apps/dev?id=8248242798532582507', 'name': 'Allen Prep'}",,"PSAT TestBank - The #1 PSAT Prep Testing System.PSAT TestBank is free to try for three days - Total access to the entire app. That means you can access all 2,063 questions with complete rationale. No payment is required. Max your score with the most efficient PSAT study app.What's on the PSAT - The largest and most comprehensive PSAT question database.‚Ä¢ Rationale for every question, so you'll understand why an answer is correct.‚Ä¢ Performance Statistics: Know where you stand in every subject. ‚Ä¢ Retake entire test or only missed questions: Maximum retention. ‚Ä¢ Favorite Option: Flag specific PSAT questions for review later. ‚Ä¢ Question Timer: Keeps you in check - avoid running out of time on exam day. Adaptive Learning TechnologyPSAT TestBank is continually re-calibrated every time you answer a question, based on your personal performance. PSAT TestBank QuestionsPSAT questions along with guideline answers focusing on every subject area. Practicing these PSAT questions will greatly reduce your risk of encountering surprises on exam day.Rationale Given for Every QuestionThis makes PSAT TestBank truly stand-alone. You will not need to refer to another source while you are using TestBank. Your learning will be more efficient since everything you need to know is in front of you.You Choose which PSAT Subjects to StudyDepending on your learning needs or time frame, you can decide to take a specific number of questions randomly selected from all of the subject areas, any combination of the subjects, or an individual subject.Your PSAT Performance is TrackedYour performance is displayed when you open the app, allowing you to track your progress and target your studies. All performance remains confidential.Questions Seen LeastPSAT TestBank knows which questions you have seen/answered the least often. When you choose this option, the questions that you have seen the least number of times will display first.Questions Missed MostPSAT TestBank tracks when you get a question incorrect. Focus on questions that you've missed most often.PSAT Prep TestBank:‚Ä¢ Simulates actual test-taking‚Ä¢ Keeps you focused‚Ä¢ Saves you time‚Ä¢ Strengthens your weak areas‚Ä¢ Reinforces your strong areas‚Ä¢ Tracks your progress‚Ä¢ Solidifies concepts‚Ä¢ Improves your memory‚Ä¢ Familiarizes you with past PSAT questions‚Ä¢ Makes your studying efficient‚Ä¢ Builds your confidencePut the PSAT questions in your pocket and prep efficiently.________Contact UsWe love to hear from our students. Please contact us if you have any questions about your PSAT prep.Web: https://allenprep.comEmail: info@allenprep.comAllen Resources | Since 1993Allen PSAT Prep is not affiliated with, Ready4 PSAT (Prep4 PSAT), Varsity Tutors PSAT Prep: Practice Tests - Math, Reading, Writing, PSAT Prep & Practice Magoosh, PSAT Math Test & Practice, Ready4PSAT, Kaplan, Pocket Prep, The Collegeboard, Khan Academy, Ready4 ACT, nor for the administrators of the PSAT."
https://play.google.com/store/apps/details?id=com.watchfacestudio.iwf_d4,IWF D4 watch face,"{'url': '/store/apps/dev?id=4780375564966147211', 'name': 'Isacwatch Studio'}",,"IWF D4 watch face for wear OS*Only Supported wearOS device.Components -30 Colors of Theme*if you see message ""Your devices are not compatible"", use Play Store on WEB browser from PC / Laptop or phone WEB browser.Enjoy your Watch Life with Isacwatch.If you have any questions, please feel free to contact us.email : isacwatchstudio@gmail.com"
https://play.google.com/store/apps/details?id=com.igenesoft.hz,HZ.io,"{'url': '/store/apps/dev?id=4658574883304841192', 'name': 'iGene'}",3.8,"Real time online survival game HZ.ioBecome a survivor and survive to the end avoiding zombies.Become a zombie to find and infect survivors.Survivor team wins if any one survives 200 seconds!Zombie team wins if you infect all survivors before 200 seconds![Game Features]-Real time online multiplayer game-If you are a survivor team, survive for 200 seconds to win-If you are a zombie team, infect all survivors in 200 seconds to win.-Level up system-Your own skin and decoration-Chat systemPlease send your inquiries by e-mail"
https://play.google.com/store/apps/details?id=com.app.ansarimaamtuitionclasses,Ansari Ma'am Tuition Classes,"{'url': '/store/apps/dev?id=7560729948535358304', 'name': 'FEMS - Ballarpur'}",,"Welcome to Ansari Ma'am Tuition Classes App!Discover a seamless way to enhance your learning experience with our feature-packed tuition app. Stay up-to-date with all the important announcements, access course materials, and share notes effortlessly. Empowering students to excel with easy communication, this app ensures that you never miss a beat in your academic journey. Join us today and embark on a path of knowledge and success with Ansari Ma'am Tuition Classes App."
https://play.google.com/store/apps/details?id=com.bandplay.tv,BANDPLAY,"{'url': '/store/apps/developer?id=Band', 'name': 'Band'}",,"Bandplay brings all Band TV programming, Grupo Bandeirantes radio stations and podcasts to watch live or on demand.Here, you will also find action, adventure, romance, horror, comedy, animation, children's content and national and international documentaries. And the best: ALL FOR FREE."
https://play.google.com/store/apps/details?id=ai.odyssea.ody,Ody,"{'url': '/store/apps/developer?id=Odyssea+AI', 'name': 'Odyssea AI'}",,Daily check-in on wellbeing helps the teachers and counselors assess students' wellbeing and get meaningful insights on how to improve it.[Minimum supported app version: 0.0.18]
https://play.google.com/store/apps/details?id=com.trunlagames.CountBalls,Count Balls,"{'url': '/store/apps/developer?id=TRUNLA+GAMES', 'name': 'TRUNLA GAMES'}",,Go through the right numbers to collect more and more balls. Burst the opposite balls and clear the way.Enjoy the game and share your feedback!
https://play.google.com/store/apps/details?id=com.finalweb.fwapp_140004376,Union County Chamber of Commer,"{'url': '/store/apps/developer?id=Finalweb', 'name': 'Finalweb'}",,"The official app of the Union County Chamber of Commerce. Browse news, events and more!"
https://play.google.com/store/apps/details?id=com.andere.helpdesk,HelpDesk for HR,"{'url': '/store/apps/developer?id=AndereCorp', 'name': 'AndereCorp'}",,"The HelpDesk for HR mobile app is a companion to your HelpDesk for HR membership. With our mobile app you will be able to watch Boss Call replays, browse, download, and bookmark Forms, Document, Policies, and Procedures from our Library of 700+ items, keep up to date with our blog posts, receive breaking news alerts, and last but not least send to support any HR question you might need to have answered by top HR professionals and certified EEOC investigators. This app is a great addition to our membership!"
https://play.google.com/store/apps/details?id=com.prozip128.unrarunzip.zipifleopenerandcompressor312,UnZip Rar Extractor Zip Opener,"{'url': '/store/apps/dev?id=7666745463597513064', 'name': 'MoonTechZ Studio'}",4.3,"Pro Zip file extractor opener, Rar extractor and compress file Zip 7Z is a great solution for everyone in modern society, especially for students, and office workers. You can compress multiple files of documents, videos, images, etc. into one Zip 7z format. After a long trip with a group of close friends, the result is a lot of beautiful photos and interesting videos. You want to share those hundreds of photos and videos with friends and family but don't know how to send them, the apps on your phone limit the number of files you can send. Don't worry too much, our Rar Zip file extractor opener and compress file Zip 7Z app will help you compress all photos and videos into the one Zip file right on your smartphone with up to 30% reduction in size compared to the original file. You are an office worker, the job requires you to send a lot of necessary documents to your boss and colleagues. But you don't always sit next to your computer to compress and send files immediately while customers and bosses are in urgent need.  A great Rar Extractor, Zip file opener and compress file Zip 7Z app on your smartphone is a useful solution for you! You can compress many different file formats such as Audio, Video, PDF, ..into the same Zip file. To protect important files you can set a powerful password when compress file Zip 7Z Here are some key features of Rar Zip file extractor opener and compress file Zip 7Z app for your reference! Outstanding Features of Rar Extractor, zip file opener and compress file Zip app  + Organize many types of file formats including Docs (.pdf, .doc, .docx; .xls, .xlsx; .ppt, .pptx), Photo (png, jpg,...), Music (mp3, wav,‚Ä¶ ), Video (mp4, wmv, avi,...), Download (all files), .apk into clear categories...helps users quickly search and compress all kinds of documents, images, videos, audio into the same Zip file for easy sending With Rar Zip file extractor opener and compress file Zip 7Z app + With Zip file extractor opener, Rar extractor and compress file Zip 7Z app, you can quickly compress files into Zip, 7z format in just a few seconds saving you up to 40% compressing time when compared to other apps  + Compress many different files at once, saving maximum time with Rar Zip file extractor opener and compress file Zip 7Z app + Easily set a strong password when compressing files to protect important documents + Using Zip file extractor opener, Rar extractor and compress file Zip 7Z app, you can compress and decompress files without WiFi, internet connection + Save up to 30% of storage space when compress file Zip 7z formats with Rar Zip file extractor opener and compress file Zip 7Z app + Easily extract while keeping the sound quality and resolution of the original image, users can be assured of the quality of the files after extracting with Rar extractor, Zip file opener and compress file Zip 7Z app + Quickly open many file formats including Music Audio: mp3, m4a; Videos & Movies: mp4; Photos: png, jpg; All office document readers: xlsx, xls, pptx, ppt, docx, doc and Read PDF files right on the Rar Zip file extractor opener and compress file Zip 7Z application. Easily play audio, video or read documents, PDFs right after extracting files. There are many useful features waiting for you to discover, download Rar Zip file extractor opener and compress file Zip 7Z application and experience it right away. Subscription term:     Users need to become VIP members by paying a subscription fee to use all app's outstanding features.          The subscription will automatically renew at the end of each subscription period unless auto-renew is turned off at least 24 hours before the end of the current period."
https://play.google.com/store/apps/details?id=br.com.rainbow,Rainbow Click,"{'url': '/store/apps/developer?id=Grupo+Rainbow', 'name': 'Grupo Rainbow'}",,"Download the app and get access to all information about your Rainbow.Rainbow Click is a tool to help customers and prospective customers obtain solutions and information about Rainbow.With this application, you have a direct channel to monitor technical assistance, get to know the line of accessories and cleaning solutions, in addition to ordering products and services from your Rainbow.Through the Rainbow Click app, you can also refer friends to visit the Cleaning System and win exclusive gifts. DOWNLOAD NOW!"
https://play.google.com/store/apps/details?id=com.maturecicada.connect,Cheap stationary and books,"{'url': '/store/apps/developer?id=Nerd+Droid+Labs', 'name': 'Nerd Droid Labs'}",,Start Learning with us !
https://play.google.com/store/apps/details?id=com.company.MeteoriteAvoider,Meteorite Avoider,"{'url': '/store/apps/developer?id=SOUSHAL', 'name': 'SOUSHAL'}",,"Meteorite Avoider is an exciting arcade game in which you will have to take the role of a spaceship lost in the vast expanses of space. Your mission is to avoid collisions with dangerous meteoritesYour goal is to earn as many points as possible by successfully dodging deadly meteorite attacks. The game offers a simple and intuitive control interface that allows you to react quickly to approaching threats.Meteorite Avoider is a great way to spend your free time, test your reaction speed and enjoy the atmosphere of space adventures."
https://play.google.com/store/apps/details?id=com.gridsky.beltminers2,Belt Miners‚Ñ¢: SciFi Space Sim,"{'url': '/store/apps/dev?id=6276881704708370102', 'name': 'GridSky Software A/S'}",,"Welcome to the Utopia Arura mining ship Tau Ceti. Your overall mission is to mine asteroids for usable resources. Your mission commander is the android Io. She will brief you on all missions and manage your progress.Missions:‚Ä¢ Scan - Scan asteroids for resources.‚Ä¢ Deploy - Deploy mining rigs on asteroids.‚Ä¢ Retrieve - Retrieve ore from asteroids.‚Ä¢ Trade - Buy and sell ore on the market.‚Ä¢ Maintain - Maintaining the ship.Belt Miners‚Ñ¢ is a simulation game with the goal of providing a relatively accurate simulation of what it would be like to be an Asteroid Belt miner in the future.Engage in hours of sci-fi asteroid mining experiences in space with 70 missions, scanning asteroids, deploying rigs, retrieving ore, trading, and maintaining the spaceship.______________________________________Visit our official site at http://beltminers.comFollow us on Twitter at http://twitter.com/BeltMiners or like us on Facebook at http://facebook.com/BeltMiners to get more info and news about Belt Miners.______________________________________End User License Agreement (EULA) : http://gridsky.com/terms-bm.htmlPrivacy Policy : http://gridsky.com/privacy-beltminers.htmlCredits :Thanks to Stellardrone for producing the music (see EULA).Made with Unity."
https://play.google.com/store/apps/details?id=com.iwaiterapp.alunas,Alunas,"{'url': '/store/apps/developer?id=OrderYOYO', 'name': 'OrderYOYO'}",,"5 benefits of ordering via our own app:1. Our takeaway app is the easiest way to order food and support your favorite local restaurant.2. Forget  printed menus. Order food on the go, wherever you are. 3. You can customize your own meals with different toppings, just like you would do in the restaurant. 4. Simply pay online, your credit card and personal information are always safe with us.5. You can choose pickup/delivery time that suits you best!How it works:Download our takeaway app and support us, your local takeaway, in 3 easy steps!1. Simply open the app.2. Select food and beverages from our latest menu.3. Place your order ‚Äì easy as 1 2 3!Our app takes the hassle out of ordering takeaway. You won‚Äôt be stuck looking for printed menus, dialing on the phone and hearing busy tone, or searching for us among hundreds of takeaway restaurants on outdated external food portals. With our app, you can now order DIRECTLY from your phone in seconds. Use our app to order your takeaway and enjoy a growing number of benefits!Bon APP√©tit"
https://play.google.com/store/apps/details?id=com.vheelouser,"Vheelo - Ride, Courier, Rental","{'url': '/store/apps/developer?id=VheeloPvt.Ltd', 'name': 'VheeloPvt.Ltd'}",,"Vheelo is the internet platform for the greater Middle East region. A pioneer of the region's ride-hailing economy, Vheelo is expanding services across its platform to include mass transportation, delivery and payments to become the region's everyday SuperApp. Vheelo's mission is to simplify and improve the lives of people and build a lasting organisation that inspires. Vheelo was established in 2022. Vheelo operates in over 100 cities across 14 countries and has created more than one million employment opportunities in the region."
https://play.google.com/store/apps/details?id=com.dantebus.apps.app67637,Amante di Venere,"{'url': '/store/apps/developer?id=Dantebus.com', 'name': 'Dantebus.com'}",,"Welcome to the app of the artist Amante di Venere, a digital immersion in the fascinating world of his unique art. Discover and connect with the creative universe of Amante di Venere through an organized digital gallery, designed to offer a complete and engaging experience. Here's what awaits you:- Organized Digital Gallery: Explore a vast collection of Lover's artistic works, divided into pages and albums for clear and orderly enjoyment.- Total Interactivity: Each work offers an interactive experience. Leave a ""like"" to express your appreciation.- Centralized Contact Section: Easily find Amante di Venere's contact information in a dedicated section. Send direct messages to the artist for direct and immediate communication.- Personal Connection: The app offers a direct access point to establish an authentic connection between art lovers and the artist herself, making the experience more personal and engaging.- Personalized Notifications: Receive instant notifications when a new work is published or updated. Additionally, the artist can send special messages at events, inspirations or direct communications to share his creative world in a more intimate and personal way.- Unique Enjoyment: Combining ease of navigation with the possibility of direct interaction, the app offers a unique way to explore and connect with Amante di Venere's art, creating a bridge between the artist and his audience. Welcome to an unprecedented artistic experience!"
https://play.google.com/store/apps/details?id=com.tbbpower.solar.mate,Solar Mate II,"{'url': '/store/apps/developer?id=TBB+Power+Co.,Ltd.', 'name': 'TBB Power Co.,Ltd.'}",,"Dedicated designed for SP/SF series solar chargers, this APP aims to:1) Help users understand the working status of the battery and solar energy data in real time2) Provide on-line update with latest firmware version3) Allow the user to better understand the status of solar chargers with detailed log information and system settingAll in all, this APP will be a useful tool in using TBB's solar charger. Always enjoy TBB product time."
https://play.google.com/store/apps/details?id=com.littleqrscanner2020,QR —Å–∫–∞–Ω–µ—Ä,"{'url': '/store/apps/developer?id=%D0%9E%D0%B1%D1%8A%D1%8F%D0%B2%D0%BB%D0%B5%D0%BD%D0%B8%D1%8F+%D0%9A%D0%B5%D1%80%D0%BB%D0%B0:+%D0%B0%D0%B2%D1%82%D0%BE,+%D1%80%D0%B0%D0%B1%D0%BE%D1%82%D0%B0,+%D0%BA%D0%B2%D0%B0%D1%80%D1%82%D0%B8%D1%80%D1%8B,+%D0%9E%D0%B4%D0%B5%D0%B6%D0%B4%D0%B0', 'name': '–û–±—ä—è–≤–ª–µ–Ω–∏—è –ö–µ—Ä–ª–∞: –∞–≤—Ç–æ, —Ä–∞–±–æ—Ç–∞, –∫–≤–∞—Ä—Ç–∏—Ä—ã, –û–¥–µ–∂–¥–∞'}",,"Today, smartphones are increasingly being used as a qr scanner for a QR code. The QR code is a two-dimensional barcode containing information that can be easily read by reading it using our application, which is a barcode scanner. A smartphone is always at hand, so this is a very convenient and easy way to access information or websites.Having installed a program for recognizing a QR code, he can take a picture of the placed on an advertising stand, poster or magazine page, read the qr code and get detailed information about the product or service. And recently, a qr code scanner is needed to download a qr code.Using this barcode scanner, you can decrypt various types of information: plain text (in total, about four thousand characters fit in such a picture), geographical coordinates, phone number, website address. Our application - a barcode scanner allows you to automatically get the URL from the qr code and immediately go to the site for further viewing, and if the decrypted q ar code contains text information, then the application you can view this information and copy it to the clipboard in order to be able to work with this text in other applications.Reading a barcode occurs literally in a split second and has a concise interface."
https://play.google.com/store/apps/details?id=com.YOZHStudio.UPianoMasha,Baby Piano,"{'url': '/store/apps/developer?id=PSV+Studio+Kidnimals+baby+games', 'name': 'PSV Studio Kidnimals baby games'}",4.1,"""Kids Piano"" as a real piano ‚Äì educates ear to music and child‚Äôs mentality without mentioning finger fine motor skills.More than 20 melodies from various parts of the world which you may play on 20 various instruments starting from piano and up to animal sounds, bright colors ‚Äì all in one application "" Kids Piano ‚Äì Baby Games""! There are three play modes:1. Classical ‚Äì You just play piano selecting any of 20 instruments for sounding.2. Tutorial  - teach how to play every melody.3. Karaoke ‚Äìtry to play melodies and the falling notes will help You.Make first steps in music development along with us!People are dedicated to music since childhood. Music develops child‚Äôs skills; make his/her life more fun and interesting. That‚Äôs why we habituate a child to music since childhood, from the first lullaby over the crib.Baby piano or baby xylophone for Toddlers is a baby play which belongs to category of baby games up to 10. Learning children games is an important component of present-day child development. Educational games for small children on mobile devices become trend in category of baby games"
https://play.google.com/store/apps/details?id=io.pushpay.stbartholomewchurch,St. Bartholomew Church,"{'url': '/store/apps/developer?id=SAINT+BARTHOLOMEW%27S+ROMAN+CATHOLIC+CHURCH', 'name': ""SAINT BARTHOLOMEW'S ROMAN CATHOLIC CHURCH""}",,"Welcome to St. Bartholomew the Apostle Church in Scotch Plains, NJ! This app is your one-stop-shop for connecting with parish groups, staying up-to-date on parish events and news, easy online giving, prayer opportunities, and more. We are a vibrant and active Catholic parish serving families and people of all ages and seeking to be the heart, mind, hands and feet of Jesus in our community."
https://play.google.com/store/apps/details?id=com.tafp.aheventapp,TAFP Events,"{'url': '/store/apps/developer?id=TAFP', 'name': 'TAFP'}",,"The TAFP Events app is for attendees of educational conferences hosted by the Texas Academy of Family Physicians. Through the app, attendees can access CME schedules and slides, speaker information, exhibitor information, information about meetings, and more."
https://play.google.com/store/apps/details?id=com.groskill.app,Groskill,"{'url': '/store/apps/dev?id=8212500926340311388', 'name': 'appx.co.in'}",,Get the most reliable learning experience
https://play.google.com/store/apps/details?id=com.ezezu.customer,Ezezu,"{'url': '/store/apps/developer?id=Adready+PLC', 'name': 'Adready PLC'}",,Ezezu is a time saving and simple app that let order groceries from multiple stores at the same time.key features: - Multi store support - Automatically find the best deal according to your location - Seamless order and delivery process - Detailed information about your expenses
https://play.google.com/store/apps/details?id=com.CShippiecowgirlcouture.android,Hippie Cowgirl Couture,"{'url': '/store/apps/developer?id=CommentSold+Apps+XIX', 'name': 'CommentSold Apps XIX'}",,Features:- Browse all of our most recent arrivals and promotions- Easy ordering and checkout with credit or debit card- Waitlist items and purchase them when they are back in stock- Email notification for order fulfillment and shipping
https://play.google.com/store/apps/details?id=com.ssaurel.discountcalculator,Discount Calculator,"{'url': '/store/apps/dev?id=6924401024188312025', 'name': 'Sylvain Saurel'}",,"Whether during the sales or during the rest of the year from now on, we keep seeing promotions in stores: -5%, -15%, -35% ... But in the end how to easily know the price of a sale item to make the right choice at the time of purchase ?Discount Calculator is there for you ! Enter the values of the promotions that interest you and enter the price of an item and instantly you will know the actual price of an item and make the right choice !Purchase or not ? Discount Calculator will give you the answer in an instant.A Pro version without ads is available here :  https://play.google.com /store/apps/details?id=com.ssaurel.discountcalculator.pro Do not hesitate to send me your feedback to improve the application via email : sylvain.saurel@gmail.com"
https://play.google.com/store/apps/details?id=digitalafrica.passeport,Mali Passeport,"{'url': '/store/apps/developer?id=Digital+Africa', 'name': 'Digital Africa'}",,Delivery PlacesBamako - ACI 2000 - Border Police Department or Premium Service at MSN EXPRESSDocument to provideBirth certificate (transcribed for those born abroad)National Identity Card or old PassportA proof of profession may be requestedNina card or secure individual descriptive sheetParental authorization for minor children and a school certificate for students
https://play.google.com/store/apps/details?id=streaming.com.py.rma,Radio Maria Auxiliadora 88.9,"{'url': '/store/apps/dev?id=6433500351285973440', 'name': 'Streaming Paraguay | Streaming.com.py'}",,Radio Maria Auxiliadora Transmits on modulated frequency 88.9 for the entire Catholic community of the city of Bella Vista Norte With praise and varied programs to brighten your day to day
https://play.google.com/store/apps/details?id=com.maksigym.maksisoft.fitizz,Fitizz,"{'url': '/store/apps/developer?id=Maksisoft+Sub', 'name': 'Maksisoft Sub'}",,"Fitizz's Fitizz app is user-friendly software developed to help you make the most of the services your fitness club provides while you train.With the Fitizz Program, your entire sports life is at your fingertips:FACILITY AREA: Allows you to follow all the services your club offers with a program.QR MOBILE: You can use Smart Mobile QR when entering and exiting the sports club, in the locker rooms and in club transactions with E-Wallet.Appointments: You can follow up all the appointments made on your behalf at the sports club with a schedule.PT SessionsStudio ClassesSpa ReservationsAll scheduled appointments and group lessonsTrainings: In this section, you can visually examine more than 1500 exercises that you will do in the sports club, follow your special training program and your daily regional development.Diet List: You can access the diet list specially prepared by your sports club and follow your healthy nutrition program.RESULTS: You can follow your body and fat measurements taken in the sports club through the system.Subscriptions: You can follow your sports subscription, see how many days are left, remaining sessions, get information about current packages and price lists.Club Information: You can see information about your sports club and how many people are currently active.Notifications: You can follow all the notifications provided by your sports center through the program.More: With the technologies offered by Fitizz, you can use all system requirements and take advantage of the benefits.WHY SHOULD I USE THE FITIZZ APP?The Fitizz program is not only a professional tracking system where you can follow your personal development step by step, but also provides every detail, including your water needs, as a healthy lifestyle program.TRAINING MODULE: With this module, you can choose your daily workouts, review them with live pictures and follow your sets while doing each move correctly. After each exercise, the system automatically moves to the next exercise, so you can mark the movement you have finished and do regional work.CLUB PROGRAMS: You can follow the functional exercises assigned to you by your club and thus benefit from a personalized and complete training that includes strength exercises, group classes and all sports activities.BODY DIMENSIONS: You can track your measurements (weight, body fat, etc.) and check your progress over time.APPOINTMENT: You can easily find and book your club's private lessons. Remember that there is an infrastructure to make your reminders.ACTIVITY: You can participate in activities organized by your facility.All these personalized apps are features of Fitizz app brought to you by Fitizz Company."
https://play.google.com/store/apps/details?id=com.orangecodebyte.filmyfunda,Filmy Funda :  All About Films,"{'url': '/store/apps/dev?id=8949308596598512960', 'name': 'Orange Code BYTE'}",,"Filmy Funda has a catalog of free movies, neatly sorted into categories by genre, like horror, romance, and comedy and also language based."
https://play.google.com/store/apps/details?id=com.toools.rfebm,RFEBM,"{'url': '/store/apps/developer?id=TOOOLS,+S.L.', 'name': 'TOOOLS, S.L.'}",,Official application of the Royal Spanish Handball Federation.
https://play.google.com/store/apps/details?id=com.run.game.luckseekerrun,Luck Seeker Run,"{'url': '/store/apps/dev?id=6457078637486320809', 'name': 'ZoneGamersHub'}",,"You have received an invitation to a pool party, for which you need to make adequate preparations.Remove excess clothing and wear a colorful swimsuit.To this end, you need to collect as many hangers as possible and avoid obstacles.Game Features:1. Interesting dressing up2. Agile parkour games3. Rich levels"
https://play.google.com/store/apps/details?id=com.spwebgames.trainstations,All GB Railway Stations,"{'url': '/store/apps/developer?id=spwebgames.com', 'name': 'spwebgames.com'}",,"Explore all the railway stations in Great Britain using this interactive app. The stations are colour-coded according to the estimated numbers of passengers using each station, with warmer colours representing the busiest stations. The distance of each station from the current location is also shown. The stations can be filtered and sorted by region, passenger usage numbers, or distance.Data shown for each station:- Station name- Station three-letter-code- Annual passenger usage (entries and exits)- Annual passenger interchanges- Station route- Station location- Distance from current location (if known)Note: the app does not show train journey details or timetables. There are other apps for that. The data presented are as published by the UK government Office of Rail and Road. See orr.gov.uk for source. Errors and omissions excepted."
https://play.google.com/store/apps/details?id=net.theraincoat.Moon,ËÑ±Âá∫„Ç≤„Éº„É† „ÅäÊúàË¶ã,"{'url': '/store/apps/dev?id=8960524508005736153', 'name': 'Rain Coat'}",,"[How to play]„ÉªTap to investigate and obtain items„ÉªSolve the mystery by investigating, using, and combining them„ÉªEasy operation to move between rooms by pressing a button„Äêfunction„Äë„ÉªBeginners can feel at ease with hints and answers!„ÉªCan be interrupted at any time! Auto save function„ÉªIt's free and doesn't cost anything.[Work introduction]It's a simple and fun escape game that you can play while being healed by cute Kappa characters, so it's also recommended for beginners![Raincoat]I am developing an app by myself. In addition to the latest app, we have also released escape games, so please try playing the popular past games if you like! (Animals, seasonal items with a good atmosphere, etc.)Please check our SNS for the latest information. We will notify you of new apps!Official LINE https://lin.ee/5BRW4taOfficial X @raincoat_app"
https://play.google.com/store/apps/details?id=com.quantumapps.explorable,Explorable,"{'url': '/store/apps/developer?id=Quantum+apps', 'name': 'Quantum apps'}",,Explore the world with your friends and keep track of your fuel costs along the way
https://play.google.com/store/apps/details?id=net.hanulsoft.smotorsuppliers,KGÎ™®ÎπåÎ¶¨Ìã∞ ÌååÌä∏ÎÑàÏä§ ÌöåÏõêÏàòÏ≤©,"{'url': '/store/apps/developer?id=hanulsoft', 'name': 'hanulsoft'}",,"KG Mobility Partners is a cooperative company council that aims to promote mutual benefits through division of labor by maintaining smooth trade relations between parent company KG Mobility and Partners and establishing a cooperative system such as mutual exchange of technological information and promotion of joint technology development.This application is available only to KG Mobility member companies, and all data used in the mobile member handbook is managed directly by the KG Mobility Partners Secretariat.If you have any questions regarding this application, please contact the KG Mobility Partners office. thank you"
https://play.google.com/store/apps/details?id=com.bharatmotors.app,Bharat Motors,"{'url': '/store/apps/developer?id=ABH+Infosystems', 'name': 'ABH Infosystems'}",,"Looking to get rid of your old vehicle? Look no further than Bharat Motors, the ultimate vehicle scrapping app. With Bharat Motors, you can quickly and easily schedule a pickup for your old vehicle, get a competitive price for your scrap vehicle,  and have it towed away for free.Key Features:* Schedule a pickup for your old vehicle directly from your phone, at a time that's convenient for you.* Get a competitive price for your scrap vehicle, based on the make, model, and condition of your vehicle.* Receive real-time updates on the status of your pickup, including the estimated time of arrival.* Have your vehicle towed away for free, with no hidden fees or charges.* Browse our vehicle recycling guide for tips and advice on how to properly dispose of your vehicle.Compatibility:Bharat Motors is compatible with all Android devices running Android 6.0 and above.Subscription Cost:Bharat Motors is completely free to download and use, with no subscription costs or hidden fees.Permissions:Bharat Motors requires access to your location and camera to enable location-based scheduling and to upload photos of your vehicle.Conclusion:Whether you're an individual looking to dispose of your old vehicle or a business looking to recycle your fleet, Bharat Motors is the ultimate solution. Download now and recycle your ride with ease!"
https://play.google.com/store/apps/details?id=com.ikeyboard.theme.live.neon.green.leave,Neon Green Leave Theme,"{'url': '/store/apps/dev?id=4803243400814519754', 'name': 'Fancy keyboard for theme apps'}",4.6,"üòçNeon Green Leave Keyboard is a smart & customized keyboard for android. It comes with the stylish keyboard background, fonts,emojis and stickers! üåüHappy ChattingOur Keyboard supports 150+ languages, so you can chat with friends from all over the world!üòòColorful theme,font,emoji&kaomoji‚Ä¢ Stylish keyboard backgrounds turn a plain keyboard into a beautiful and unique one!‚Ä¢ Hot and creative fonts, type fancy texts on all social media!‚Ä¢ Latest trending emojis: input thousands of emojis, GIFs, emoticons, and stickers anywhere conveniently‚Ä¢Cute text face and kaomoji makes typing more funÔΩû(^–∑^)-‚òÜüé® Custom Keyboard & Photo KeyboardChoose your photo or wallpaper, make an exclusive keyboard with customizable keyboard colors, wallpaper, sounds, effects, fonts and layout to your liking!üçÄFast and Smart typing ‚Ä¢ Clipboard for multiple fast copy and paste.‚Ä¢ Swipe to type: type faster with smooth gesture typing!‚Ä¢ Contextual prediction: the most powerful error correction. Auto-correct mistyping, spelling errors and capitalization automatically.‚Ä¢ Cloud prediction: enhance next-word prediction and emoji predictions by cloud computing.‚≠êÔ∏èWant more themes? ‚≠êÔ∏èOur Keyboard provides amount of free and perfect stylish & fashion keyboard HD wallpapers to decorate your phone background. (You can get 3D, cool, cute, romantic, cartoon, panda, unicorn, cat, anime, lion, clown, sport,love, girl, skull,soccer, wolf, graffiti life, car, neon, flower, music, colorful, black, gold, green, pink, red, purple, blue, white, etc. and find all your favorite topics in Store). We usually update NEW themes five times a week. Please keep your attention on our Store frequently.‚úÖHow to use Neon Green Leave Keyboard Theme‚úÖ‚Ä¢ Download Neon Green Leave Keyboard Theme from Play Store and open itÔºõ‚Ä¢ Click the APPLY button or the preview picture of Neon Green Leave Keyboard ThemeÔºõ‚Ä¢ Bravo! You have installed and applied Neon Green Leave Keyboard ThemeÔºõ‚Ä¢ Press the Finish then enjoy the Neon Green Leave Keyboard app.‚úîÔ∏èMulti Language TypingÔºü‚úîÔ∏èOur Keyboard has been loved deeply by over 30 million users support over 150 languages and still counting. (Including but not limited to English, Spanish, Indonesia, Hindi, Portugues, Polish, French, Russian, Italian, Arabic, Vietnamese, Malagasy, German,Romanian,Turkish, Ukrainian,etc.)üì≤Supported devicesÔºüüì≤Our Keyboard is compatible with almost all android phones. (Including but not limited to Samsung Galaxy Note 20 ,Note 10, Note 9,Note 8, Note 6, Note 5, Samsung Galaxy J7, Samsung Galaxy S20, S9, S9 +,S8 and S8 Edge; Huawei P40, P10 Plus, Huawei Mate 40,Huawei Mate 30, Huawei P9, Huawei Honor 8; HTC 10, HTC One A9; OPPO Find 9; OPPO F3 Plus; Xiaomi Mix, Xiaomi 6; Nokia 8; VIVO V5 Plus;Sony Xperia Z5, Sony Xperia Z4; Moto, etc.)üõ°Don't worry about privacy and security: üõ°We will never collect your personal info and collect the photos you set as HD wallpapers. We only use the words typed by you to make the predictions more accurate.üôåFeeling attractive now? Install Neon Green Leave Keyboard Theme and apply it now!"
https://play.google.com/store/apps/details?id=jp.option,„Ç™„Éó„Ç∑„Éß„É≥ Option,"{'url': '/store/apps/developer?id=Zinio+Pro', 'name': 'Zinio Pro'}",,"For those who ""want to enjoy cars more""! Since its launch in 1981, OPTION has been published as a new style car magazine that is not bound by the conventions of existing car magazines. It is a tuning information magazine for young people who think of cars as part of their lives, not just as a tool for transportation. OPTION is a magazine full of ways to enjoy cars based on free ideas."
https://play.google.com/store/apps/details?id=in.rgvp.reraproperty,Rera Property,"{'url': '/store/apps/dev?id=8087873682615251633', 'name': 'RG-VP WEB SOLUTIONS'}",,"ReraProperty.com a unit of Yashom Properties Dot Com Private Limited is a one-stop real estate destination that offers a complete range of only RERA registered properties in Central India with a vision of expanding our boundaries across the country. A Team of Real Estate Experts 20+ years of experience in the Indian Real Estate market have established ReraProperty.com ‚Äî a 100% property directory to uncover all the hidden jewels of Central India. Aimed at assisting the 4B‚Äôs of real estate as in builders, buyers, brokers, and bankers, ReraProperty.com is dedicated to its core values of efficiency, professionalism, and personal approach. As we tend to offer a more credible real estate expertise, we maintain our print version & digital media set up, to make sure that every real estate associate gets connected with their target audience globally. With in-depth knowledge of Central India‚Äôs every corner information, we created a massive real estate database, to offer hassle-free services as per our customer‚Äôs needs. Our team with far-reaching experience, navigate the entire process of buying and selling in a simplified manner."
https://play.google.com/store/apps/details?id=com.icodice.atgf.atggo,ATG GO,"{'url': '/store/apps/developer?id=Attorneys%27+Title+Guaranty+Fund,+Inc.', 'name': ""Attorneys' Title Guaranty Fund, Inc.""}",,NEW TechnologyWe've designed a new way to do business‚Äîyou will love it!Collaborative order platform built for real estate attorneys.Cloud file storage and synchronization services.Easily schedule your closing from any location at any time.Iron-clad security and encryption protocols.
https://play.google.com/store/apps/details?id=com.mbg.mbgjobs,MBG Jobs,"{'url': '/store/apps/developer?id=Mainz+Brady+Group,+Inc', 'name': 'Mainz Brady Group, Inc'}",,"A big part of finding your next Job in the technology sector is hearing about the opportunities before anyone else does! Combined with knowledge and experience of the technical staffing professionals at Mainz Brady Group, you are now doubling your chances of finding the right Job for you!The MBG Android App will keep you up-to-date on all Job requirements from our clients and alert you the moment a position (or positions) Matches your skill set and desired work environment.Put your Job search into overdrive and see for yourself why clients and candidates make Mainz Brady Group their first call!FEATURES:App Overview‚Ä¢ Search current Mainz Brady Group technology industry jobs (contract and direct hire). ‚Ä¢ Set up Alerts so you get notified of the Jobs that are right for you as soon as they are posted.  ‚Ä¢ Manage your Matches (the Jobs that interested you).‚Ä¢ Apply for Jobs! You can even refer a friend!‚Ä¢ Contact Mainz Brady Group ‚Äì Phone, Maps, Email and Directions.MBG Jobs Tab‚Ä¢ This App automatically sort‚Äôs Jobs by date posted (newest to oldest).‚Ä¢ Scroll through the Jobs or use the Search Bar at the top to search by area, skill or job title (e.g. San Francisco, Portland, java, Linux, project manager, etc.); Use more terms and/or titles to narrow your search. Use the Add Button on the top right to add this to your Alerts.‚Ä¢ Select Job(s) that interest you and, using the Action Button on the top right, select an action ‚Äì I‚Äôm Interested, Email to a friend or Call about this Job.Alerts Tab‚Ä¢ Create Alerts for Jobs ‚Äì Tap the menu, then Add Button and enter key words like technical skills, job titles, locations, etc. (e.g. San Francisco, Portland, java, Linux, project manager, etc.); Use more terms and/or titles to narrow your search.‚Ä¢ Create multiple Alerts ‚Äì Edit or delete them as you like.‚Ä¢ Tap Alert to jump to the job matches page and view the jobs that match this search criterion.Matches Tab‚Ä¢ See the open Jobs that Match your Alerts. ‚Ä¢ Review the Jobs, tap the menu and select an action ‚Äì I‚Äôm Interested, Email to a friend or Call about this Job.‚Ä¢ The blue dot to the left of the Job Title will disappear after you‚Äôve read the Job description.‚Ä¢ To delete a Match, just tap the menu and choose Delete.‚Ä¢ Current Matches will be removed once the Job has been closed by our client.‚Ä¢ To delete all Matches or to mark all Matches as ‚Äúread,‚Äù press tap the menu button and select the appropriate action.Contact Us Tab‚Ä¢ Choose ‚ÄúHome‚Äù and learn more about Mainz Brady Group, with an option to go to our website.‚Ä¢ When selecting ‚ÄúSilicon Valley Office‚Äù or ‚ÄúPortland Office‚Äù you can: Call a Mainz Brady Group Office, Get Directions (step by step and/or map) or add our office contact information to Contacts on your iPhone."
https://play.google.com/store/apps/details?id=com.TepcoPremiumFinance.TepcoMobile,Tepco Mobile,"{'url': '/store/apps/developer?id=Tepco+Premium+Finance', 'name': 'Tepco Premium Finance'}",,"Tepco Premium Finance brings you our newest way to manage your insurance loans.  The Tepco Mobile App allows you to easily review your account details, make payments directly in the app, and set personalized reminder notifications for payment due dates. Financing your insurance premium through Tepco enables you, our customer, to preserve the consistency of your earnings, optimize your cash flow, and maintain a high level of credit availability while securing the insurance products you need.You will find that we offer the superior service, competitive rates, and excellent turn-around time that you expect and deserve."
https://play.google.com/store/apps/details?id=com.fouroverfive.conwowordquiz,Conwo: Word Quiz Game,"{'url': '/store/apps/dev?id=8314068195184822293', 'name': 'Four Over Five Appworks'}",,"Get ready for a picture-perfect word challenge with Conwo! This addictive game combines the fun of picture puzzles with the brainpower of word games. Here's what awaits you:Unique two-picture puzzles: Each level presents two captivating images that combine to form a single compound word.Expand your vocabulary: Discover new compound words and their meanings with every puzzle you solve.Sharpen your brain: Think critically and creatively to connect the dots between the pictures and form the correct word.Endless challenges: New levels and puzzles are constantly added, keeping your mind sharp and entertained.Conwo is the perfect game for anyone who loves a good word puzzle and wants to expand their vocabulary. It's easy to learn, fun to play, and will keep you guessing for hours on end."
https://play.google.com/store/apps/details?id=com.appt_cnicos,APP T√©cnicos,"{'url': '/store/apps/developer?id=Alfa+Tennant', 'name': 'Alfa Tennant'}",,"APP Technical is for the exclusive use of the technical maintenance of Tennant cleaning equipment. Through the application you can receive work orders and report progress of each customer service, among other facilities.Before downloading, make sure that you received from Tennant credentials to access (email and password)."
https://play.google.com/store/apps/details?id=com.free074a81ba94cf6951221ca03606d56.user.ebookg000009lincolnsfirstinauguraladdress000lincoln003.release,"Book, Lincoln's First Inaugura","{'url': '/store/apps/dev?id=6982967509927017360', 'name': 'Core Entertainments'}",,"Title: Lincoln's First Inaugural Address, March 4, 1861Author: Abraham LincolnLanguage: English"
https://play.google.com/store/apps/details?id=com.ketri.hoppydays,Hoppy Days,"{'url': '/store/apps/developer?id=Hoppy+Days,+LLC', 'name': 'Hoppy Days, LLC'}",,Introducing Hoppy Days - the ultimate solution for friends looking to beat the recession blues. This app will show you events at local breweries/tap houses/taprooms/cider houses ect.You will also get access to exclusive offers for the businesses that choose to offer them!
https://play.google.com/store/apps/details?id=com.infinite.gamer.wood.nuts.bolts.puzzle,Wood Nuts & Bolts Screw Puzzle,"{'url': '/store/apps/developer?id=Infinite+Gamer', 'name': 'Infinite Gamer'}",,"Welcome to Wood Nuts & Bolts Screw Puzzle an unparalleled wooden Nuts & Bolts puzzle game that seamlessly blends the excitement of mechanics with the thrill of solving intricate conundrums.  Prepare for an exhilarating journey where bolts, nuts, and wooden puzzles converge to create a truly mind-bending challenge. Immerse yourself in a world filled with enigmatic twists, where each move reveals a new layer of complexity. Wood Screw Nuts And Bolts is a screw removal, puzzle, bolts puzzle screw master, bolts and nuts  wood nuts, screws and bolts,  screw nut puzzle,  screw pin puzzle, nuts & bolts, and challenge game.How to unscrew, solve Wood nuts and bolts screw puzzle game ‚Ä¢	Tap to unlock the screw holes on the product to make the Wooden plate fall down.‚Ä¢	 Think carefully before making a decision. Keep on thinking and trying until you open right nut‚Ä¢	 Unlock all screw to complete the challenge.‚Ä¢	Find your own way to solve this screw Nuts & bolts  puzzleFEATURES of Unscrew Puzzle Game ‚Ä¢	Mind-Boggling Challenges  in Wood Nuts & Bolts Screw Puzzle‚Ä¢	 Immerse yourself in the captivating challenge of the Wood Nuts & Bolts Screw Puzzle game.‚Ä¢	Unlimited & Unrestricted Fun mind relaxing Puzzle game  ‚Ä¢	Want to challenge new obstacles in nuts puzzle ‚Ä¢	Play hard puzzle levels and wooden materials‚Ä¢	Enjoy the ASMR sound of Unscrewing nuts ‚Ä¢	The Unscrew Nuts & Bolts Puzzle offers range of difficult Level to suit every player's skillCertainly!  Wood nuts and bolts screw puzzle game sounds like an engaging puzzle game that requires skill and problem-solving abilities. I'd be happy to take on the challenge and see if I can solve all the tricky puzzles like  bolts puzzle screw master, bolts and nuts  wood nuts, screws and bolts,  screw nut puzzle,  screw pin puzzle, nuts & bolts, involving wood nuts and bolts. Get ready to join Wood nuts and bolts screw puzzle game and become a screw master. Have fun and enjoy the Nuts & Bolts Puzzle game."
https://play.google.com/store/apps/details?id=dk.pernexus.kinnow,worksportal,"{'url': '/store/apps/developer?id=Pernexus+Systems', 'name': 'Pernexus Systems'}",,"This is your mobile version of the Worksportal. Thus you ensure a steady fast and flexible access to your data. This takes the Worksportal out into the city where the work is done. Apart form giving you access to the information on the Portal, the app has additional functionality such as Smart Forms and RFID scanning. This makes Development management an integrated and natural part of the work routines without extra administrative duties.The Worksportal provides the Parties access to the same data, but seen through their own procedures, security and language. This can be achieved through both products. The Worksportal is the collaboration portal where the Developer, Contractor or other stakeholders can plan, project manage, invoice and tender large projects. The Portal ensures that all participants in the project has the same updated drawings, specifications, budgets and project plans."
https://play.google.com/store/apps/details?id=com.hrghazali.alahazratalaseerat,Dawat e Islami,"{'url': '/store/apps/dev?id=7751228784367419402', 'name': 'Islamic Books Urdu'}",,Welcome to Dawat e Islami. Dawat e Islami books
https://play.google.com/store/apps/details?id=com.makane.twomenufrutellajuices,ŸÅÿ±Ÿàÿ™ŸäŸÑÿß,"{'url': '/store/apps/developer?id=MakanE+Technology+Limmited', 'name': 'MakanE Technology Limmited'}",,"ŸÜŸÇÿØŸÖ ŸÑŸÉŸÖ ÿπÿµÿßÿ¶ÿ± ÿ∑ÿßÿ≤ÿ¨ÿ© ÿå ÿ≥ŸÑÿ∑ÿßÿ™ ŸÅŸàÿßŸÉŸá ÿå ÿßŸäÿ≥ ŸÉÿ±ŸäŸÖ ÿå ŸàÿßŸÅŸÑ ÿå ŸÉÿ±Ÿäÿ® , ÿ®ÿßŸÜ ŸÉŸäŸÉ."
